Subset,Count,AP,ACC,R_ACC,F_ACC,AUC
ADM,4000,0.8422043650284364,0.65775,0.81222325,0.985,0.3305
Midjourney,4000,0.981165380882045,0.89675,0.97796075,0.9865,0.807
VQDM,4000,0.977402829049036,0.879,0.972268,0.984,0.774
biggan,4000,0.9735673802306929,0.852,0.9700235,0.988,0.716
glide,4000,0.9885508671117115,0.913,0.98728225,0.986,0.84
stable_diffusion_v_1_4,4000,0.9990281743358258,0.98725,0.9987545000000002,0.987,0.9875
stable_diffusion_v_1_5,4000,0.998857734176339,0.98525,0.9986067500000001,0.985,0.9855
wukong,4000,0.9966910530906065,0.9665,0.99639925,0.986,0.947
Overall,32000,0.9728748096294356,0.8921875,0.964139775390625,0.9859375,0.7984375
